<?xml version="1.0" encoding="UTF-8"?>

<mule xmlns:http="http://www.mulesoft.org/schema/mule/http" xmlns:json="http://www.mulesoft.org/schema/mule/json" xmlns:dynamicsax="http://www.mulesoft.org/schema/mule/dynamicsax" xmlns="http://www.mulesoft.org/schema/mule/core" xmlns:doc="http://www.mulesoft.org/schema/mule/documentation"
	xmlns:spring="http://www.springframework.org/schema/beans" version="EE-3.6.0"
	xmlns:xsi="http://www.w3.org/2001/XMLSchema-instance"
	xsi:schemaLocation="http://www.springframework.org/schema/beans http://www.springframework.org/schema/beans/spring-beans-current.xsd
http://www.mulesoft.org/schema/mule/core http://www.mulesoft.org/schema/mule/core/current/mule.xsd
http://www.mulesoft.org/schema/mule/http http://www.mulesoft.org/schema/mule/http/current/mule-http.xsd
http://www.mulesoft.org/schema/mule/dynamicsax http://www.mulesoft.org/schema/mule/dynamicsax/current/mule-dynamicsax.xsd
http://www.mulesoft.org/schema/mule/json http://www.mulesoft.org/schema/mule/json/current/mule-json.xsd">
    <http:listener-config name="HTTP_Listener_Configuration" host="0.0.0.0" port="8081" doc:name="HTTP Listener Configuration"/>
    <dynamicsax:gateway-connection-config name="Microsoft_Dynamics_AX__Gateway_Connection" username="${ax.username}" password="${ax.password}" aosServerName="${ax.aosServerName}" disableCnCheck="true" gatewayRouterServiceAddress="${ax.gatewayRouterServiceUrl}" doc:name="Microsoft Dynamics AX: Gateway Connection"/>
    <flow name="query-proj-table">
        <http:listener config-ref="HTTP_Listener_Configuration" path="/projects" doc:name="HTTP"/>
        <dynamicsax:query-table config-ref="Microsoft_Dynamics_AX__Gateway_Connection" query="dsql:SELECT Name,ProjGroupId,ProjId,Type FROM ProjTable" doc:name="Query all projects from ProjTable table"/>
        <json:object-to-json-transformer doc:name="Object to JSON"/>
    </flow>
    <flow name="run-ProjListProjectTable-static-query">
        <http:listener config-ref="HTTP_Listener_Configuration" path="/list-projects" doc:name="HTTP"/>
        <set-payload value="#[message.inboundProperties['http.query.params']]" doc:name="Set Http Query Params as Payload"/>
        <dynamicsax:static-query config-ref="Microsoft_Dynamics_AX__Gateway_Connection" staticQueryName="ProjListProjectTable" doc:name="ProjListProjectTable static qury with parameters"/>
        <json:object-to-json-transformer doc:name="Object to JSON"/>
    </flow>
</mule>
