<?xml version="1.0" encoding="UTF-8"?>

<mule xmlns:http="http://www.mulesoft.org/schema/mule/http" xmlns:microsoftservicebus="http://www.mulesoft.org/schema/mule/microsoftservicebus" xmlns:tracking="http://www.mulesoft.org/schema/mule/ee/tracking" xmlns="http://www.mulesoft.org/schema/mule/core" xmlns:doc="http://www.mulesoft.org/schema/mule/documentation"
	xmlns:spring="http://www.springframework.org/schema/beans" version="EE-3.6.0"
	xmlns:xsi="http://www.w3.org/2001/XMLSchema-instance"
	xsi:schemaLocation="http://www.springframework.org/schema/beans http://www.springframework.org/schema/beans/spring-beans-current.xsd
http://www.mulesoft.org/schema/mule/core http://www.mulesoft.org/schema/mule/core/current/mule.xsd
http://www.mulesoft.org/schema/mule/http http://www.mulesoft.org/schema/mule/http/current/mule-http.xsd
http://www.mulesoft.org/schema/mule/microsoftservicebus http://www.mulesoft.org/schema/mule/microsoftservicebus/current/mule-microsoftservicebus.xsd
http://www.mulesoft.org/schema/mule/ee/tracking http://www.mulesoft.org/schema/mule/ee/tracking/current/mule-tracking-ee.xsd">
    <microsoftservicebus:azureConfig name="Microsoft_Service_Bus__Azure_Service_Bus" namespace="${azure.namespace}" userName="${azure.key.name}" password="${azure.key}" doc:name="Microsoft Service Bus: Azure Service Bus"/>
    <http:listener-config name="HTTP_Listener_Configuration" host="0.0.0.0" port="8081" basePath="NewMessage" doc:name="HTTP Listener Configuration"/>
    <flow name="CreateMessageFlow" doc:description="Receives a message and sends it to the Service Bus Topic called messages">
        <http:listener config-ref="HTTP_Listener_Configuration" path="/" doc:name="HTTP"/>
        <byte-array-to-string-transformer doc:name="Byte Array to String"/>
        <microsoftservicebus:topic-send config-ref="Microsoft_Service_Bus__Azure_Service_Bus" doc:name="Send to Topic named &quot;messages&quot;" destinationTopic="${topic.path}">
        </microsoftservicebus:topic-send>
    </flow>
    <flow name="ReceiveHighPriorityMessages" initialState="started">
        <microsoftservicebus:topic-receive config-ref="Microsoft_Service_Bus__Azure_Service_Bus" sourceTopic="${topic.path}" subscription="HighPriority" doc:name="Receive from HighPriority Suscription in &quot;messages&quot; topic "/>
        <byte-array-to-string-transformer doc:name="Byte Array to String"/>
        <logger message="#[payload.body]" level="INFO" category="HIGH Priority Message" doc:name="Log the message"/>
    </flow>
    <flow name="ReceiveMediumPriorityMesssages" initialState="stopped">
        <microsoftservicebus:topic-receive config-ref="Microsoft_Service_Bus__Azure_Service_Bus" sourceTopic="${topic.path}" subscription="MediumPriority" doc:name="Receive from MediumPriority Suscription in &quot;messages&quot; topic "/>
        <byte-array-to-string-transformer doc:name="Byte Array to String"/>
        <logger message="#[payload.body]" level="INFO" category="MEDIUM Priority Message" doc:name="Log the message"/>
    </flow>
    <flow name="ReceiveLowPriorityMessages" initialState="stopped">
        <microsoftservicebus:topic-receive config-ref="Microsoft_Service_Bus__Azure_Service_Bus" sourceTopic="${topic.path}" subscription="LowPriority" doc:name="Receive from LowPriority Suscription in &quot;messages&quot; topic "/>
        <byte-array-to-string-transformer doc:name="Byte Array to String"/>
        <logger message="#[payload.body]" level="INFO" category="LOW Priority Message" doc:name="Log the message"/>
    </flow>
</mule>
