<?xml version="1.0" encoding="UTF-8"?>

<mule xmlns:json="http://www.mulesoft.org/schema/mule/json"
	xmlns:http="http://www.mulesoft.org/schema/mule/http"
	xmlns:file="http://www.mulesoft.org/schema/mule/file"
	xmlns:sharepoint-online="http://www.mulesoft.org/schema/mule/sharepoint-online"
	xmlns="http://www.mulesoft.org/schema/mule/core" xmlns:doc="http://www.mulesoft.org/schema/mule/documentation"
	xmlns:spring="http://www.springframework.org/schema/beans" 
	xmlns:xsi="http://www.w3.org/2001/XMLSchema-instance"
	xsi:schemaLocation="http://www.mulesoft.org/schema/mule/json http://www.mulesoft.org/schema/mule/json/current/mule-json.xsd
http://www.mulesoft.org/schema/mule/http http://www.mulesoft.org/schema/mule/http/current/mule-http.xsd
http://www.mulesoft.org/schema/mule/file http://www.mulesoft.org/schema/mule/file/current/mule-file.xsd
http://www.mulesoft.org/schema/mule/sharepoint-online http://www.mulesoft.org/schema/mule/sharepoint-online/current/mule-sharepoint-online.xsd
http://www.springframework.org/schema/beans http://www.springframework.org/schema/beans/spring-beans-current.xsd
http://www.mulesoft.org/schema/mule/core http://www.mulesoft.org/schema/mule/core/current/mule.xsd">

<sharepoint-online:okta-connection-config 
    name="Microsoft_SharePoint_Online__Okta_Connection" 
    oktaDomain="${Sharepoint.DomainName}"
    username="${Sharepoint.Username}"
    password="${Sharepoint.Password}"
    oktaApiToken="${Sharepoint.Token}"
    sharepointEmbededLink="${Sharepoint.Link}" doc:name="Microsoft SharePoint Online: Okta Connection"/>

    	
    <file:connector name="Write_File" writeToDirectory="${output.folder.path}" autoDelete="true" streaming="true" validateConnections="true" doc:name="File"/>
    <file:connector name="Image" readFromDirectory="src/main/resources" autoDelete="true" streaming="true" validateConnections="true" doc:name="File"/>
    <file:connector name="File" readFromDirectory="${folder.path}" autoDelete="true" streaming="true" validateConnections="true" doc:name="File"/>
    <http:listener-config name="HTTP_Listener_Configuration" host="0.0.0.0" port="8081" doc:name="HTTP Listener Configuration"/>
    
    <flow name="create-list" >
        <http:listener config-ref="HTTP_Listener_Configuration" path="/create-list" doc:name="HTTP"/>
        <sharepoint-online:list-create config-ref="Microsoft_SharePoint_Online__Okta_Connection" doc:name="List Create">
            <sharepoint-online:list title="[message.inboundProperties['http.query.params']['title']]" baseTemplate="GENERIC_LIST"/>
        </sharepoint-online:list-create>

        <json:object-to-json-transformer doc:name="Object to JSON"/>
    </flow>
    <flow name="create-list-item" >
        <http:listener config-ref="HTTP_Listener_Configuration" path="/create-list-item" doc:name="HTTP"/>
        <sharepoint-online:list-item-create config-ref="Microsoft_SharePoint_Online__Okta_Connection" listId="&quot;#[message.inboundProperties['http.query.params']['listId']]&quot;" doc:name="List Item Create">
            <sharepoint-online:properties>
                <sharepoint-online:property key="Title">#[message.inboundProperties['http.query.params']['title']]</sharepoint-online:property>
            </sharepoint-online:properties>
        </sharepoint-online:list-item-create>
        <json:object-to-json-transformer doc:name="Object to JSON"/>
    </flow>

    <flow name="list-item-query" >
        <http:listener config-ref="HTTP_Listener_Configuration" path="/list-item-query" doc:name="HTTP"/>
        <sharepoint-online:list-item-query config-ref="Microsoft_SharePoint_Online__Okta_Connection" doc:name="List item query" query="SELECT Id,Title,AuthorId FROM #[message.inboundProperties['http.query.params']['listId']] WHERE Title LIKE '#[message.inboundProperties['http.query.params']['title']]'" retrieveReferences="#[message.inboundProperties['http.query.params']['retrieveReferences']]"/>
        <json:object-to-json-transformer doc:name="Object to JSON"/>
    </flow>
    <flow name="delete-list" >
        <http:listener config-ref="HTTP_Listener_Configuration" path="/delete-list" doc:name="HTTP"/>
        <sharepoint-online:list-delete config-ref="Microsoft_SharePoint_Online__Okta_Connection" listId="#[message.inboundProperties['http.query.params']['listId']]" doc:name="Delete list"/>

    </flow>
    <flow name="create-folder" >
        <http:listener config-ref="HTTP_Listener_Configuration" path="/create-folder" doc:name="HTTP"/>
        <sharepoint-online:folder-create config-ref="Microsoft_SharePoint_Online__Okta_Connection" url="#[message.inboundProperties['http.query.params']['folderServerRelativeUrl']]" doc:name="Create Folder"/>

        <json:object-to-json-transformer doc:name="Object to JSON"/>
    </flow>
    <flow name="query-folder" >
        <http:listener config-ref="HTTP_Listener_Configuration" path="/query-folder" doc:name="HTTP"/>
        <sharepoint-online:folder-query config-ref="Microsoft_SharePoint_Online__Okta_Connection" query="SELECT ItemCount,Name,ServerRelativeUrl FROM 'Shared Documents_F' ORDER BY ItemCount ASC" recursive="true" doc:name="Folder query"/>

        <json:object-to-json-transformer doc:name="Object to JSON"/>
    </flow>
    <flow name="files-download" >
        <http:listener config-ref="HTTP_Listener_Configuration" path="/files-download" doc:name="HTTP">
            <http:response-builder statusCode="200" reasonPhrase="OK"/>
        </http:listener>
        <sharepoint-online:file-query config-ref="Microsoft_SharePoint_Online__Okta_Connection" query="dsql:SELECT Author,ModifiedBy,Name,ServerRelativeUrl FROM 'Shared Documents'" doc:name="File query"/>
        <foreach  doc:name="For Each">
            <set-variable variableName="filename" value="#[payload.Name]" doc:name="Variable"/>
            <sharepoint-online:file-get-content config-ref="Microsoft_SharePoint_Online__Okta_Connection" fileServerRelativeUrl="#[payload.ServerRelativeUrl]" doc:name="File get content"/>
            <file:outbound-endpoint path="/${output.folder.path}" outputPattern="#[flowVars.filename]" connector-ref="Write_File" responseTimeout="10000" doc:name="File"/>
        </foreach>
    </flow>
    <flow name="image-upload" >
        <http:listener config-ref="HTTP_Listener_Configuration" path="/image-upload" doc:name="HTTP"/>
        <sharepoint-online:file-add config-ref="Microsoft_SharePoint_Online__Okta_Connection" fileServerRelativeUrl="#[message.inboundProperties['http.query.params']['pictureListTitle']]/Sharepoint.png"  overwrite="true" doc:name="File add" localFilePath="src/main/resources/Sharepoint.png"/>
    </flow>
    <flow name="delete-folder" >
        <http:listener config-ref="HTTP_Listener_Configuration" path="/delete-folder" doc:name="HTTP"/>
        <sharepoint-online:folder-delete config-ref="Microsoft_SharePoint_Online__Okta_Connection" url="#[message.inboundProperties['http.query.params']['folderServerRelativeUrl']]" doc:name="Folder delete"/>
    </flow>

    <flow name="resolve-object" >
        <http:listener config-ref="HTTP_Listener_Configuration" path="/resolve-object" doc:name="HTTP"/>
        <sharepoint-online:resolve-object config-ref="Microsoft_SharePoint_Online__Okta_Connection" url="_api/web/lists(guid'#[message.inboundProperties['http.query.params']['listId']]')" doc:name="Resolve object"/>
        <json:object-to-json-transformer doc:name="Object to JSON"/>
    </flow>
    <flow name="resolve-collection" >
        <http:listener config-ref="HTTP_Listener_Configuration" path="/resolve-collection" doc:name="HTTP"/>
        <sharepoint-online:resolve-collection  config-ref="Microsoft_SharePoint_Online__Okta_Connection" url="_api/Web/lists" doc:name="Resolve collection"/>
        <json:object-to-json-transformer doc:name="Object to JSON"/>
    </flow>
    </mule>
