<?xml version="1.0" encoding="UTF-8"?>

<mule xmlns:dw="http://www.mulesoft.org/schema/mule/ee/dw" xmlns:json="http://www.mulesoft.org/schema/mule/json" xmlns:http="http://www.mulesoft.org/schema/mule/http" xmlns:dynamics365="http://www.mulesoft.org/schema/mule/dynamics365" xmlns:tracking="http://www.mulesoft.org/schema/mule/ee/tracking" xmlns="http://www.mulesoft.org/schema/mule/core" xmlns:doc="http://www.mulesoft.org/schema/mule/documentation"
	xmlns:spring="http://www.springframework.org/schema/beans" 
	xmlns:xsi="http://www.w3.org/2001/XMLSchema-instance"
	xsi:schemaLocation="http://www.springframework.org/schema/beans http://www.springframework.org/schema/beans/spring-beans-current.xsd
http://www.mulesoft.org/schema/mule/core http://www.mulesoft.org/schema/mule/core/current/mule.xsd
http://www.mulesoft.org/schema/mule/http http://www.mulesoft.org/schema/mule/http/current/mule-http.xsd
http://www.mulesoft.org/schema/mule/dynamics365 http://www.mulesoft.org/schema/mule/dynamics365/current/mule-dynamics365.xsd
http://www.mulesoft.org/schema/mule/ee/tracking http://www.mulesoft.org/schema/mule/ee/tracking/current/mule-tracking-ee.xsd
http://www.mulesoft.org/schema/mule/ee/dw http://www.mulesoft.org/schema/mule/ee/dw/current/dw.xsd
http://www.mulesoft.org/schema/mule/json http://www.mulesoft.org/schema/mule/json/current/mule-json.xsd">
    <dynamics365:config-oauth-user-pass name="Microsoft_Dynamics_365__OAuth_2_0_Username_Password" clientId="${dynamics365.clientId}" username="${dynamics365.username}" password="${dynamics365.password}" resource="${dynamics365.resource}" clientSecret="${dynamics365.clientSecret}" tokenRequestEndpoint="${dynamics365.tokenRequestEndpoint}" doc:name="Microsoft Dynamics 365: OAuth 2.0 Username-Password"/>
    <http:listener-config name="HTTP_Listener_Configuration" host="0.0.0.0" port="8081" doc:name="HTTP Listener Configuration"/>
    <flow name="PARSE_DEMO_TEMPLATE">
        <http:listener config-ref="HTTP_Listener_Configuration" path="/" doc:name="HTTP"/>
        <parse-template location="form.html" doc:name="Parse Template"/>
        <set-property propertyName="content-type" value="text/html" encoding="US-ASCII" mimeType="text/html" doc:name="Property"/>
    </flow>
    <flow name="CREATE_EMPTY_CONTACT_DEMO">
        <http:listener config-ref="HTTP_Listener_Configuration" path="/createContact" doc:name="HTTP"/>
        <logger message="Requested 'Create Contact Operation'" level="INFO" doc:name="Logger"/>
        <dynamics365:create config-ref="Microsoft_Dynamics_365__OAuth_2_0_Username_Password" logicalName="contact" doc:name="Microsoft Dynamics 365"/>
        <object-to-string-transformer doc:name="Object to String"/>

        <logger message="Received Response from 'Create Contact Operation' : #[payload]" level="INFO" doc:name="Logger"/>
    </flow>
    <flow name="CREATE_EMPTY_OPPORTUNITY_DEMO">
        <http:listener config-ref="HTTP_Listener_Configuration" path="/createOpportunity" doc:name="HTTP"/>
        <logger message="Requested 'Create Opportunity Operation'" level="INFO" doc:name="Logger"/>
        <dynamics365:create config-ref="Microsoft_Dynamics_365__OAuth_2_0_Username_Password" logicalName="opportunity" doc:name="Microsoft Dynamics 365"/>
        <object-to-string-transformer doc:name="Object to String"/>
        <logger message="Received Response from 'Create Opportunity Operation' : #[payload]" level="INFO" doc:name="Logger"/>
    </flow>
    <flow name="CREATE_ACCOUNT_DEMO">
        <http:listener config-ref="HTTP_Listener_Configuration" path="/createAccount" doc:name="HTTP"/>
        <logger message="Requested 'Create Account Operation'" level="INFO" doc:name="Logger"/>
        <dw:transform-message doc:name="Transform Message">
            <dw:set-payload><![CDATA[%dw 1.0
%output application/java
---
{
	name: payload.AccountName,
	creditonhold: payload.CreditOnHold,
	creditlimit: payload.CreditLimit,
	"primarycontactid@odata.bind": "/contacts(" ++ payload.ContactID ++ ")"
}]]></dw:set-payload>
        </dw:transform-message>
        <dynamics365:create config-ref="Microsoft_Dynamics_365__OAuth_2_0_Username_Password" logicalName="account" doc:name="Microsoft Dynamics 365">
            <dynamics365:attributes ref="#[payload]"/>
        </dynamics365:create>
        <object-to-string-transformer doc:name="Object to String"/>
        <logger message="Received Response from 'Create Account Operation' : #[payload]" level="INFO" doc:name="Logger"/>
    </flow>
    <flow name="CREATE_MULTIPLE_ENTITIES_DEMO">
        <http:listener config-ref="HTTP_Listener_Configuration" path="/createMultipleAccounts" doc:name="HTTP"/>
        <logger message="Requested 'Create Multiple Accounts Operation'" level="INFO" doc:name="Logger"/>
        <dw:transform-message doc:name="Transform Message">
            <dw:set-payload><![CDATA[%dw 1.0
%input payload application/json
%output application/java
---
payload map {
      name: $.AccountName,
      creditlimit : $.CreditLimit,
      creditonhold : $.CreditOnHold
}]]></dw:set-payload>
        </dw:transform-message>
        <dynamics365:create-multiple config-ref="Microsoft_Dynamics_365__OAuth_2_0_Username_Password" logicalName="account" doc:name="Microsoft Dynamics 365">
            <dynamics365:attributes-list ref="#[payload]"/>
        </dynamics365:create-multiple>
        <logger message="Received Response from 'Create Multiple Entities Operation'" level="INFO" doc:name="Logger"/>
        <json:object-to-json-transformer doc:name="Object to JSON"/>
    </flow>
    <flow name="UPDATE_ENTITY_DEMO">
        <http:listener config-ref="HTTP_Listener_Configuration" path="/updateAccount" doc:name="HTTP"/>
        <logger message="Requested 'Update Entity Operation'" level="INFO" doc:name="Logger"/>
        <dw:transform-message doc:name="Transform Message">
            <dw:set-payload><![CDATA[%dw 1.0
%output application/java
---
{
	entityId: payload.EntityId,
	attributes: {
		creditlimit: payload.CreditLimit,
		name: payload.AccountName
	}
}]]></dw:set-payload>
        </dw:transform-message>
        <dynamics365:update config-ref="Microsoft_Dynamics_365__OAuth_2_0_Username_Password" logicalName="account" doc:name="Microsoft Dynamics 365">
            <dynamics365:attributes ref="#[payload]"/>
        </dynamics365:update>
        <logger message="'Update Entity Operation' has ended with success" level="INFO" doc:name="Logger"/>
        <json:object-to-json-transformer doc:name="Object to JSON"/>
    </flow>
    <flow name="UPDATE_MULTIPLE_ENTITIES_DEMO">
        <http:listener config-ref="HTTP_Listener_Configuration" path="/updateMultipleAccounts" doc:name="HTTP"/>
        <logger message="Requested 'Update Multiple Entities Operation'" level="INFO" doc:name="Logger"/>
        <dw:transform-message doc:name="Transform Message">
            <dw:set-payload><![CDATA[%dw 1.0
%input payload application/json
%output application/java
---
payload map {
	entityId: $.EntityId,
	attributes: {
		name: $.AccountName
	}
}]]></dw:set-payload>
        </dw:transform-message>
        <dynamics365:update-multiple config-ref="Microsoft_Dynamics_365__OAuth_2_0_Username_Password" logicalName="account" doc:name="Microsoft Dynamics 365">
            <dynamics365:attributes-list ref="#[payload]"/>
        </dynamics365:update-multiple>
        <logger message="Received Response from 'Update Multiple Entities Operation'" level="INFO" doc:name="Logger"/>
        <json:object-to-json-transformer doc:name="Object to JSON"/>
    </flow>
    <flow name="DELETE_ENTITY_DEMO">
        <http:listener config-ref="HTTP_Listener_Configuration" path="/deleteAccount" doc:name="HTTP"/>
        <logger message="Requested 'Delete Entitiy Operation'" level="INFO" doc:name="Logger"/>
        <dw:transform-message doc:name="Transform Message">
            <dw:set-payload><![CDATA[%dw 1.0
%output application/java
---
payload.EntityId]]></dw:set-payload>
        </dw:transform-message>
        <dynamics365:delete config-ref="Microsoft_Dynamics_365__OAuth_2_0_Username_Password" logicalName="account" doc:name="Microsoft Dynamics 365"/>
        <logger message="'Delete Entity Operation' has ended with success" level="INFO" doc:name="Logger"/>
    </flow>
    <flow name="RETRIEVE_ENTITY_DEMO">
        <http:listener config-ref="HTTP_Listener_Configuration" path="/retrieveAccount" doc:name="HTTP"/>
        <logger message="Requested 'Retrieve Entitiy Operation'" level="INFO" doc:name="Logger"/>
        <dw:transform-message doc:name="Transform Message">
            <dw:set-payload><![CDATA[%dw 1.0
%output application/java
---
payload.EntityId]]></dw:set-payload>
        </dw:transform-message>
        <dynamics365:retrieve config-ref="Microsoft_Dynamics_365__OAuth_2_0_Username_Password" logicalName="account" doc:name="Microsoft Dynamics 365"/>
        <logger message="Received Response from 'Retrieve Entitiy Operation'" level="INFO" doc:name="Logger"/>
        <json:object-to-json-transformer doc:name="Object to JSON"/>
    </flow>
    <flow name="RETRIEVE_ENTITIES_BY_URL_DEMO">
        <http:listener config-ref="HTTP_Listener_Configuration" path="/retrieveAccountsByURL" doc:name="HTTP"/>
        <logger message="Requested 'Retrieve Multiple Operation'" level="INFO" doc:name="Logger"/>
        <dynamics365:retrieve-multiple config-ref="Microsoft_Dynamics_365__OAuth_2_0_Username_Password" dataQueryURL="${dynamics365.resource}/api/data/v8.2/accounts?$select=name,accountnumber&amp;$top=3" doc:name="Microsoft Dynamics 365"/>

        <logger message="Received Response from 'Retrieve Multiple Operation'" level="INFO" doc:name="Logger"/>
        <json:object-to-json-transformer doc:name="Object to JSON"/>
    </flow>
    <flow name="RETRIEVE_ENTITIES_BY_QUERY_DEMO">
        <http:listener config-ref="HTTP_Listener_Configuration" path="/retrieveAccountsByQuery" doc:name="HTTP"/>
        <logger message="Requested 'Retrieve Multiple By Query Operation'" level="INFO" doc:name="Logger"/>
        <dynamics365:retrieve-multiple-by-query config-ref="Microsoft_Dynamics_365__OAuth_2_0_Username_Password" query="dsql:SELECT accountid,accountnumber,name FROM account LIMIT 2" doc:name="Microsoft Dynamics 365"/>

        <logger message="Received Response from 'Retrieve Multiple By Query Operation'" level="INFO" doc:name="Logger"/>
        <json:object-to-json-transformer doc:name="Object to JSON"/>
    </flow>
    <flow name="DISASSOCIATE_ENTITIES_DEMO">
        <http:listener config-ref="HTTP_Listener_Configuration" path="/disassociateEntities" doc:name="HTTP"/>
        <logger level="INFO" doc:name="Logger" message="Requested 'Dissasociate Entities Operation'"/>
        <dw:transform-message doc:name="Transform Message">
            <dw:set-payload><![CDATA[%dw 1.0
%output application/java
---
{
	entityId: payload.EntityId,
	attributes: payload.EntityLinkKeys
}]]></dw:set-payload>
        </dw:transform-message>
        <dynamics365:disassociate config-ref="Microsoft_Dynamics_365__OAuth_2_0_Username_Password" logicalName="account" doc:name="Microsoft Dynamics 365">
            <dynamics365:attributes ref="#[payload]"/>
        </dynamics365:disassociate>
        <logger level="INFO" doc:name="Logger" message="Finished 'Dissasociate Entities Operation' with success"/>
    </flow>
    <flow name="DO_ACTION_DEMO">
        <http:listener config-ref="HTTP_Listener_Configuration" path="/doAction" doc:name="HTTP"/>
        <logger message="Requested 'Do Action Operation'" level="INFO" doc:name="Logger"/>
        <dw:transform-message doc:name="Transform Message">
            <dw:set-payload><![CDATA[%dw 1.0
%output application/java
---
{
	OpportunityClose: {
		subject: payload.Subject,
		"opportunityid@odata.bind": "/opportunities(" ++ payload.OpportunityId ++ ")"
	},
	Status: payload.Status
}]]></dw:set-payload>
        </dw:transform-message>
        <dynamics365:do-action config-ref="Microsoft_Dynamics_365__OAuth_2_0_Username_Password" actionName="WinOpportunity" doc:name="Microsoft Dynamics 365"/>
        <logger message="Finished 'Do Action Operation'" level="INFO" doc:name="Logger"/>
    </flow>
</mule>
