<?xml version="1.0" encoding="UTF-8"?>

<mule xmlns:tracking="http://www.mulesoft.org/schema/mule/ee/tracking" xmlns:file="http://www.mulesoft.org/schema/mule/file"
	xmlns:metadata="http://www.mulesoft.org/schema/mule/metadata" xmlns:dw="http://www.mulesoft.org/schema/mule/ee/dw" xmlns:zuora="http://www.mulesoft.org/schema/mule/zuora" xmlns:http="http://www.mulesoft.org/schema/mule/http" xmlns="http://www.mulesoft.org/schema/mule/core" xmlns:doc="http://www.mulesoft.org/schema/mule/documentation"
	xmlns:spring="http://www.springframework.org/schema/beans" 
	xmlns:xsi="http://www.w3.org/2001/XMLSchema-instance"
	xsi:schemaLocation="http://www.mulesoft.org/schema/mule/file http://www.mulesoft.org/schema/mule/file/current/mule-file.xsd
http://www.springframework.org/schema/beans http://www.springframework.org/schema/beans/spring-beans-current.xsd
http://www.mulesoft.org/schema/mule/core http://www.mulesoft.org/schema/mule/core/current/mule.xsd
http://www.mulesoft.org/schema/mule/http http://www.mulesoft.org/schema/mule/http/current/mule-http.xsd
http://www.mulesoft.org/schema/mule/zuora http://www.mulesoft.org/schema/mule/zuora/current/mule-zuora.xsd
http://www.mulesoft.org/schema/mule/ee/dw http://www.mulesoft.org/schema/mule/ee/dw/current/dw.xsd
http://www.mulesoft.org/schema/mule/ee/tracking http://www.mulesoft.org/schema/mule/ee/tracking/current/mule-tracking-ee.xsd">
    <http:listener-config name="HTTP_Listener_Configuration" host="0.0.0.0" port="8081" doc:name="HTTP Listener Configuration"/>
    <zuora:config name="Zuora__Configuration" username="${config.username}" password="${config.password}" endpoint="${config.endpoint}" restEndpoint="${config.restEndpoint}" wsdlLocation="${config.wsdlLocation}" doc:name="Zuora: Configuration">
        <reconnect/>
    </zuora:config>
    <flow name="aqua-api-load-html-template">
        <http:listener config-ref="HTTP_Listener_Configuration" path="/" doc:name="HTTP"/>
        <parse-template location="form.html" doc:name="Parse Template"/>
        <set-property propertyName="content-type" value="text/html" encoding="US-ASCII" mimeType="text/html" doc:name="Property"/>
    </flow>
    <flow name="aqua-api-post-query-demo">
        <http:listener config-ref="HTTP_Listener_Configuration" path="/post-query" doc:name="HTTP"/>
        <logger message="'Post Multiple Query Request:'#[payload]" level="INFO" metadata:id="2bab0168-4dee-401f-8dee-bce49be2a547" doc:name="Logger"/>
        <dw:transform-message doc:name="Transform Message">
            <dw:set-payload><![CDATA[%dw 1.0
%output application/java
---
{
	dateTimeUtc: true,
	encrypted: "none",
	format: "csv",
	name: payload.JobName,
	partner: payload.PartnerId,
	project: payload.ProjectId,
	queries: payload.MQuery,
	version: "1.1"
} as :object {
	class : "org.mule.modules.zuora.category.aquaobject.PostQueryRequest"
}]]></dw:set-payload>
        </dw:transform-message>
        <zuora:aqua-post-query config-ref="Zuora__Configuration" doc:name="Zuora"/>

        <dw:transform-message doc:name="Transform Message">
            <dw:set-payload><![CDATA[%dw 1.0
%output application/json
---
{
	ZuoraResponse:payload
}]]></dw:set-payload>
        </dw:transform-message>
        <logger message="'Post Multiple Query Response:'#[payload]" level="INFO" doc:name="Logger"/>
    </flow>
    <flow name="aqua-api-get-job-results-demo">
        <http:listener config-ref="HTTP_Listener_Configuration" path="/get-job-results" doc:name="HTTP"/>
        <logger message="'Get Job Results Request:'#[payload]" level="INFO" doc:name="Logger"/>
        <dw:transform-message doc:name="Transform Message">
            <dw:set-payload><![CDATA[%dw 1.0
%output application/java
---
payload.JobId]]></dw:set-payload>
        </dw:transform-message>
        <zuora:aqua-get-job-results config-ref="Zuora__Configuration" doc:name="Zuora"/>
        <dw:transform-message doc:name="Transform Message">
            <dw:set-payload><![CDATA[%dw 1.0
%output application/json
---
{
	ZuoraResponse:payload
}]]></dw:set-payload>
        </dw:transform-message>
        <logger message="'Get Job Results Response:'#[payload]" level="INFO" doc:name="Logger"/>
    </flow>
    <flow name="aqua-api-get-last-completed-job-demo">
        <http:listener config-ref="HTTP_Listener_Configuration" path="/get-last-completed-job" doc:name="HTTP"/>
        <logger message="'Get Last Completed Job Request:'#[payload]" level="INFO" doc:name="Logger"/>
        <dw:transform-message doc:name="Transform Message">
            <dw:set-payload><![CDATA[%dw 1.0
%output application/java
---
{
	partnerId: payload.PartnerId,
	projectId: payload.ProjectId
} as :object {
	class : "org.mule.modules.zuora.category.aquaobject.GetLastJobRequest"
}]]></dw:set-payload>
        </dw:transform-message>
        <zuora:aqua-get-last-completed-job config-ref="Zuora__Configuration" doc:name="Zuora"/>

        <dw:transform-message doc:name="Transform Message">
            <dw:set-payload><![CDATA[%dw 1.0
%output application/json
---
{
	ZuoraResponse:payload
}]]></dw:set-payload>
        </dw:transform-message>
        <logger message="'Get Last Completed Job Response:'#[payload]" level="INFO" doc:name="Logger"/>
    </flow>
    <flow name="aqua-api-post-query-results-to-object-store">
        <http:listener config-ref="HTTP_Listener_Configuration" path="/post-query-results-async" doc:name="HTTP"/>
        <logger level="INFO" doc:name="Logger" message="'Post Query Results to Object Store Request:'#[payload]"/>
        <dw:transform-message doc:name="Transform Message">
            <dw:set-payload><![CDATA[%dw 1.0
%output application/java
---
{
	dateTimeUtc: true,
	encrypted: "none",
	format: "csv",
	name: payload.JobName,
	partner: payload.PartnerId,
	project: payload.ProjectId,
	queries: payload.MQuery,
	version: "1.1"
} as :object {
	class : "org.mule.modules.zuora.category.aquaobject.PostQueryRequest"
}]]></dw:set-payload>
        </dw:transform-message>
        <zuora:aqua-post-query config-ref="Zuora__Configuration" storeName="PostQueryResultsStore" saveJobToObjectStore="true" doc:name="Zuora"/>


        <dw:transform-message doc:name="Transform Message">
            <dw:set-payload><![CDATA[%dw 1.0
%output application/json
---
{
	ZuoraResponse:payload
}]]></dw:set-payload>
        </dw:transform-message>
        <logger level="INFO" doc:name="Logger" message="'Post Query Results to Object Store Response:'#[payload]"/>
    </flow>
    <flow name="aqua-polling-demo">
        <zuora:aqua-get-batch-results config-ref="Zuora__Configuration" storeName="PostQueryResultsStore" doc:name="Zuora (Streaming)"/>
        <zuora:aqua-get-job-metadata config-ref="Zuora__Configuration" doc:name="Zuora Get Job Metadata"/>

        <logger message="'Provide Datasense For Job Response:'#[payload]" level="INFO" doc:name="Logger"/>

        <foreach collection="#[payload.batches]" doc:name="For Each">
            <set-variable variableName="fileId" value="#[payload.fileId]" doc:name="Variable"/>
            <zuora:get-export-file-stream config-ref="Zuora__Configuration" exportId="#[payload.fileId]" doc:name="Zuora"/>
            <logger message="'Get export file stream Response:'#[payload]" level="INFO" doc:name="Logger"/>
            <file:outbound-endpoint path="src/test/resources" outputPattern="#[flowVars.fileId]" responseTimeout="10000" doc:name="Copy to File"/>
        </foreach>

    </flow>
</mule>
