<?xml version="1.0" encoding="UTF-8"?>
<Configuration>
    <Appenders>
        <Console name="Console" target="SYSTEM_OUT">
            <PatternLayout pattern="%-5p %d [%t] %c: %m%n"/>
        </Console>
    </Appenders>

    <Loggers>

        <!-- CXF is used heavily by Mule for web services -->
        <AsyncLogger name="org.apache.cxf" level="WARN"/>

        <!-- Apache Commons tend to make a lot of noise which can clutter the log-->
        <AsyncLogger name="org.apache" level="WARN"/>

        <!-- Reduce startup noise -->
        <AsyncLogger name="org.springframework.beans.factory" level="WARN"/>

        <!-- Mule classes -->
        <AsyncLogger name="org.mule" level="ERROR"/>
        <AsyncLogger name="com.mulesoft" level="ERROR"/>
        
        <AsyncRoot level="ERROR">
            <AppenderRef ref="Console"/>
        </AsyncRoot>
        
        <!--<Logger name="org.mule.modules.dotnet.jni.DotNetBridge" level="DEBUG"/>-->
        <Logger name="DotNetListener" level="INFO"/>
		
    </Loggers>

</Configuration>