<?xml version="1.0" encoding="UTF-8"?>

<mule xmlns:tracking="http://www.mulesoft.org/schema/mule/ee/tracking" xmlns:sharepoint2010="http://www.mulesoft.org/schema/mule/sharepoint2010" xmlns:file="http://www.mulesoft.org/schema/mule/file"
	xmlns:http="http://www.mulesoft.org/schema/mule/http"
	xmlns:json="http://www.mulesoft.org/schema/mule/json"
	xmlns="http://www.mulesoft.org/schema/mule/core" xmlns:doc="http://www.mulesoft.org/schema/mule/documentation"
	xmlns:spring="http://www.springframework.org/schema/beans" version="EE-3.6.0"
	xmlns:xsi="http://www.w3.org/2001/XMLSchema-instance"
	xsi:schemaLocation="http://www.mulesoft.org/schema/mule/sharepoint2010 http://www.mulesoft.org/schema/mule/sharepoint2010/current/mule-sharepoint2010.xsd
http://www.mulesoft.org/schema/mule/file http://www.mulesoft.org/schema/mule/file/current/mule-file.xsd
http://www.mulesoft.org/schema/mule/http http://www.mulesoft.org/schema/mule/http/current/mule-http.xsd
http://www.mulesoft.org/schema/mule/json http://www.mulesoft.org/schema/mule/json/current/mule-json.xsd
http://www.springframework.org/schema/beans http://www.springframework.org/schema/beans/spring-beans-current.xsd
http://www.mulesoft.org/schema/mule/core http://www.mulesoft.org/schema/mule/core/current/mule.xsd
http://www.mulesoft.org/schema/mule/ee/tracking http://www.mulesoft.org/schema/mule/ee/tracking/current/mule-tracking-ee.xsd">

<sharepoint2010:NTLM  name="Sharepoint" password="${Sharepoint.Password}" username="${Sharepoint.Username}" siteUrl="${Sharepoint.SiteUrl}" domain="${Sharepoint.Domain}" 
    	doc:name="Microsoft SharePoint" disableCnCheck="true"/>

    <file:connector name="Write_File" writeToDirectory="${output.folder.path}" autoDelete="true" streaming="true" validateConnections="true" doc:name="File"/>
    <file:connector name="Image" readFromDirectory="src/main/resources" autoDelete="true" streaming="true" validateConnections="true" doc:name="File"/>
    <file:connector name="File" readFromDirectory="${folder.path}" autoDelete="true" streaming="true" validateConnections="true" doc:name="File"/>
    <http:listener-config name="HTTP_Listener_Configuration" host="0.0.0.0" port="8081" doc:name="HTTP Listener Configuration"/>
    
    <flow name="create-list" >
        <http:listener config-ref="HTTP_Listener_Configuration" path="/create-list" doc:name="HTTP"/>
        <sharepoint2010:list-create config-ref="Sharepoint" templateID="GENERIC_LIST" listName="#[message.inboundProperties['http.query.params']['title']]" doc:name="List create" />
        <json:object-to-json-transformer doc:name="Object to JSON"/>
    </flow>
    <flow name="create-list-item" >
        <http:listener config-ref="HTTP_Listener_Configuration" path="/create-list-item" doc:name="HTTP"/>
        <sharepoint2010:list-item-create config-ref="Sharepoint" listName="#[message.inboundProperties['http.query.params']['listName']]" doc:name="List item create" >
            <sharepoint2010:item>
                <sharepoint2010:item key="Title">#[message.inboundProperties['http.query.params']['title']]</sharepoint2010:item>
            </sharepoint2010:item>
        </sharepoint2010:list-item-create>
        <json:object-to-json-transformer doc:name="Object to JSON"/>
    </flow>
    <flow name="list-item-query-retrieve-full-references" >
        <http:listener config-ref="HTTP_Listener_Configuration" path="/list-item-query" doc:name="HTTP"/>
        <sharepoint2010:list-item-query config-ref="Sharepoint" query="dsql:SELECT Id,Title,Author FROM '#[message.inboundProperties['http.query.params']['listName']]' WHERE Title LIKE '#[message.inboundProperties['http.query.params']['title']]'"  doc:name="List item query" retrieveReferences="true"/>
        <json:object-to-json-transformer doc:name="Object to JSON"/>
    </flow>
    <flow name="delete-list" >
        <http:listener config-ref="HTTP_Listener_Configuration" path="/delete-list" doc:name="HTTP"/>
        <sharepoint2010:list-delete config-ref="Sharepoint" listName="#[message.inboundProperties['http.query.params']['listName']]" doc:name="List delete"/>
    </flow>
    <flow name="create-folder" >
        <http:listener config-ref="HTTP_Listener_Configuration" path="/create-folder" doc:name="HTTP"/>
        <sharepoint2010:folder-create config-ref="Sharepoint" serverRelativeUrl="#[message.inboundProperties['http.query.params']['folderServerRelativeUrl']]" doc:name="Folder create"/>
        <json:object-to-json-transformer doc:name="Object to JSON"/>
    </flow>
    <flow name="query-folder-and-resolve-authors" >
        <http:listener config-ref="HTTP_Listener_Configuration" path="/query-folder" doc:name="HTTP"/>
        <sharepoint2010:folder-query config-ref="Sharepoint" recursive="true" query="dsql:SELECT Author,Title FROM 'Shared Documents'" doc:name="Folder query"/>
        <foreach collection="#[payload]" doc:name="For Each">
            <logger message="#[payload.Author.resolve()]" level="INFO" doc:name="Logger"/>
        </foreach>
        <json:object-to-json-transformer doc:name="Object to JSON"/>
    </flow>
    <flow name="file-upload">
        <http:listener config-ref="HTTP_Listener_Configuration" path="/file-upload" doc:name="HTTP"/>
        <sharepoint2010:file-add config-ref="Sharepoint" serverRelativeUrl="Shared Documents/#[message.inboundProperties['http.query.params']['fileName']].txt" fileContentStream-ref="#[message.inboundProperties['http.query.params']['contentString']]" doc:name="Microsoft SharePoint 2010"/>
    </flow>
    <flow name="files-download" >
        <http:listener config-ref="HTTP_Listener_Configuration" path="/files-download" doc:name="HTTP">
            <http:response-builder statusCode="200" reasonPhrase="OK"/>
        </http:listener>
        <sharepoint2010:file-query config-ref="Sharepoint" query="dsql:SELECT Title FROM 'Shared Documents'" doc:name="File query"/>
        <foreach  doc:name="For Each">
            <set-variable variableName="filename" value="#[payload.FileLeafRef]" doc:name="Variable"/>
            <sharepoint2010:file-get-content config-ref="Sharepoint" serverRelativeUrl="#[payload.FileRef]" doc:name="File get content"/>
            <file:outbound-endpoint path="/${output.folder.path}" outputPattern="#[flowVars.filename]" connector-ref="Write_File" responseTimeout="10000" doc:name="File"/>
        </foreach>
    </flow>
    <flow name="image-upload" >
        <http:listener config-ref="HTTP_Listener_Configuration" path="/image-upload" doc:name="HTTP"/>
        <sharepoint2010:file-add config-ref="Sharepoint" serverRelativeUrl="#[message.inboundProperties['http.query.params']['pictureListTitle']]/Sharepoint.png"  overwrite="true" doc:name="File add" localFilePath="src/main/resources/Sharepoint.png"/>
    </flow>
    <flow name="delete-folder" >
        <http:listener config-ref="HTTP_Listener_Configuration" path="/delete-folder" doc:name="HTTP"/>
        <sharepoint2010:folder-delete config-ref="Sharepoint" serverRelativeUrl="#[message.inboundProperties['http.query.params']['folderServerRelativeUrl']]" doc:name="Folder delete"/>
    </flow>


</mule>
