<?xml version="1.0" encoding="UTF-8"?>

<mule xmlns:microsoftservicebus="http://www.mulesoft.org/schema/mule/microsoftservicebus" xmlns:http="http://www.mulesoft.org/schema/mule/http" xmlns:json="http://www.mulesoft.org/schema/mule/json" xmlns:tracking="http://www.mulesoft.org/schema/mule/ee/tracking" xmlns="http://www.mulesoft.org/schema/mule/core" xmlns:doc="http://www.mulesoft.org/schema/mule/documentation"
    xmlns:spring="http://www.springframework.org/schema/beans" version="EE-3.6.0"
    xmlns:xsi="http://www.w3.org/2001/XMLSchema-instance"
    xsi:schemaLocation="http://www.springframework.org/schema/beans http://www.springframework.org/schema/beans/spring-beans-current.xsd
http://www.mulesoft.org/schema/mule/core http://www.mulesoft.org/schema/mule/core/current/mule.xsd
http://www.mulesoft.org/schema/mule/json http://www.mulesoft.org/schema/mule/json/current/mule-json.xsd
http://www.mulesoft.org/schema/mule/http http://www.mulesoft.org/schema/mule/http/current/mule-http.xsd
http://www.mulesoft.org/schema/mule/microsoftservicebus http://www.mulesoft.org/schema/mule/microsoftservicebus/current/mule-microsoftservicebus.xsd
http://www.mulesoft.org/schema/mule/ee/tracking http://www.mulesoft.org/schema/mule/ee/tracking/current/mule-tracking-ee.xsd">
    <microsoftservicebus:azureConfig name="Microsoft_Service_Bus__Azure_Service_Bus" namespace="${azure.namespace}" userName="${azure.key.name}" password="${azure.key}" doc:name="Microsoft Service Bus: Azure Service Bus"/>
    <http:listener-config name="HTTP_Listener_Configuration" host="0.0.0.0" port="8081" doc:name="HTTP Listener Configuration"/>
    <flow name="create-topic" >
        <http:listener config-ref="HTTP_Listener_Configuration" path="/topic" doc:name="HTTP"/>
        <microsoftservicebus:topic-create config-ref="Microsoft_Service_Bus__Azure_Service_Bus" topicPath="#[message.inboundProperties['http.query.params']['topicPath']]" doc:name="Microsoft Service Bus">
            <microsoftservicebus:topic-description />
        </microsoftservicebus:topic-create>
        <json:object-to-json-transformer doc:name="Object to JSON"/>
    </flow>
    <flow name="create-subscription" >
        <http:listener config-ref="HTTP_Listener_Configuration" path="/subscription" doc:name="HTTP"/>
        <microsoftservicebus:subscription-create config-ref="Microsoft_Service_Bus__Azure_Service_Bus" subscriptionPath="#[message.inboundProperties['http.query.params']['subscriptionPath']]" topicPath="#[message.inboundProperties['http.query.params']['topicPath']]" doc:name="Microsoft Service Bus">
            <microsoftservicebus:subscription-description />
        </microsoftservicebus:subscription-create>
        <json:object-to-json-transformer doc:name="Object to JSON"/>
    </flow>
    <flow name="create-rule" >
        <http:listener config-ref="HTTP_Listener_Configuration" path="/rule" doc:name="HTTP"/>
        <microsoftservicebus:rule-update config-ref="Microsoft_Service_Bus__Azure_Service_Bus" rulePath="$Default" subscriptionPath="#[message.inboundProperties['http.query.params']['subscriptionPath']]" topicPath="#[message.inboundProperties['http.query.params']['topicPath']]" doc:name="Microsoft Service Bus">
            <microsoftservicebus:rule-description>
                <microsoftservicebus:filter sqlExpression="priority = #[message.inboundProperties['http.query.params']['priority']]" type="SqlFilter"/>
            </microsoftservicebus:rule-description>
        </microsoftservicebus:rule-update>
        <json:object-to-json-transformer doc:name="Object to JSON"/>
    </flow>
</mule>
