<?xml version="1.0" encoding="UTF-8"?>

<mule xmlns:tracking="http://www.mulesoft.org/schema/mule/ee/tracking" xmlns:data-mapper="http://www.mulesoft.org/schema/mule/ee/data-mapper" xmlns:vm="http://www.mulesoft.org/schema/mule/vm"
	xmlns:http="http://www.mulesoft.org/schema/mule/http" xmlns:json="http://www.mulesoft.org/schema/mule/json" xmlns:dotnet="http://www.mulesoft.org/schema/mule/dotnet" xmlns="http://www.mulesoft.org/schema/mule/core" xmlns:doc="http://www.mulesoft.org/schema/mule/documentation"
	xmlns:spring="http://www.springframework.org/schema/beans" version="EE-3.6.0"
	xmlns:xsi="http://www.w3.org/2001/XMLSchema-instance"
	xsi:schemaLocation="http://www.mulesoft.org/schema/mule/vm http://www.mulesoft.org/schema/mule/vm/current/mule-vm.xsd
http://www.springframework.org/schema/beans http://www.springframework.org/schema/beans/spring-beans-current.xsd
http://www.mulesoft.org/schema/mule/core http://www.mulesoft.org/schema/mule/core/current/mule.xsd
http://www.mulesoft.org/schema/mule/json http://www.mulesoft.org/schema/mule/json/current/mule-json.xsd
http://www.mulesoft.org/schema/mule/http http://www.mulesoft.org/schema/mule/http/current/mule-http.xsd
http://www.mulesoft.org/schema/mule/ws http://www.mulesoft.org/schema/mule/ws/current/mule-ws.xsd
http://www.mulesoft.org/schema/mule/xml http://www.mulesoft.org/schema/mule/xml/current/mule-xml.xsd
http://www.mulesoft.org/schema/mule/scripting http://www.mulesoft.org/schema/mule/scripting/current/mule-scripting.xsd
http://www.mulesoft.org/schema/mule/ee/tracking http://www.mulesoft.org/schema/mule/ee/tracking/current/mule-tracking-ee.xsd
http://www.mulesoft.org/schema/mule/dotnet http://www.mulesoft.org/schema/mule/dotnet/current/mule-dotnet.xsd
http://www.mulesoft.org/schema/mule/ee/data-mapper http://www.mulesoft.org/schema/mule/ee/data-mapper/current/mule-data-mapper.xsd">
    <http:listener-config name="HTTP_Listener_Configuration" host="0.0.0.0" port="8081" doc:name="HTTP Listener Configuration"/>
<!--
     <dotnet:externalConfig name="DotNet__Resource_External_Assembly" scope="Transient" path="Test.SampleComponent.dll" doc:name="DotNet: Resource/External Assembly"/>
-->
    <data-mapper:config name="Xml_GetPersonResponse__To_Map" transformationGraphPath="xml_getpersonresponse__to_map.grf" doc:name="Xml_GetPersonResponse__To_Map"/>

    <data-mapper:config name="JSON_To_Map_1" transformationGraphPath="json_to_map_3.grf" doc:name="JSON_To_Map_1"/>
    <vm:connector name="VM" validateConnections="true" doc:name="VM"/>

    <dotnet:resourceConfig name="DotNet__Project_Resource" scope="Transient" path="Test.SampleComponent.dll" doc:name="DotNet: Project Resource" onlyDeclared="false"/>

 	<!-- <notifications>
		<notification event="CUSTOM"/>
		<notification-listener ref="componentNotificationLogger"/>
	</notifications>
    <spring:beans>
        <spring:bean id="componentNotificationLogger" name="Bean" class="DotNetListener"/>
    </spring:beans> -->
    <flow name="MuleMessage" >
        <http:listener config-ref="HTTP_Listener_Configuration" path="/" doc:name="HTTP"/>

        <expression-transformer expression="&quot;Hello world in a variable&quot;.getBytes();" doc:name="Expression"/>
        <set-variable variableName="binary" value="#[payload]" doc:name="Variable"/>
        <set-variable variableName="increment" value="#[true]" doc:name="Variable"/>
        <set-session-variable variableName="sessionInt" value="#[999]" doc:name="Session Variable"/>
        <dotnet:execute config-ref="DotNet__Project_Resource" methodName="Test.SampleComponent.Sample, Test.SampleComponent, Version=1.0.0.0, Culture=neutral, PublicKeyToken=null | UseMuleMessage() -&gt; System.Void" doc:name="DotNet"/>
        <logger level="INFO" doc:name="Logger" message="#[flowVars[&quot;text&quot;]]"/>
        <remove-session-variable variableName="byte" doc:name="Session Variable"/>
        <flow-ref name="ReadProperties" doc:name="ReadProperties"/>
    </flow>
    <flow name="Dictionary" >
        <http:listener config-ref="HTTP_Listener_Configuration" path="/dictionary" doc:name="HTTP"/>
        <set-payload value="{'guid':'XXX','runparams':{'x':'one','y':'two','z':'three'}}" doc:name="Set Payload"/>
        <dotnet:execute config-ref="DotNet__Project_Resource" methodName="Test.SampleComponent.Sample, Test.SampleComponent, Version=1.0.0.0, Culture=neutral, PublicKeyToken=null | ParamsDictionary(System.String guid, System.Collections.Generic.Dictionary`2[System.String,System.String] runparams) -&gt; System.Object" doc:name="DotNet"/>
    </flow>
    <flow name="OverloadParameterless" >
        <http:listener config-ref="HTTP_Listener_Configuration" path="/overload" doc:name="HTTP"/>
        <dotnet:execute config-ref="DotNet__Project_Resource" methodName="Test.SampleComponent.Sample, Test.SampleComponent, Version=1.0.0.0, Culture=neutral, PublicKeyToken=null | Overload() -&gt; System.String" doc:name="DotNet"/>
    </flow>
    <flow name="MethodWithTask" >
        <http:listener config-ref="HTTP_Listener_Configuration" path="/task" doc:name="HTTP"/>
        <dotnet:execute config-ref="DotNet__Project_Resource" methodName="Test.SampleComponent.Sample, Test.SampleComponent, Version=1.0.0.0, Culture=neutral, PublicKeyToken=null | ExecuteTask() -&gt; System.Threading.Tasks.Task" doc:name="DotNet"/>
    </flow>
    <flow name="ReadProperties" >
        <http:listener config-ref="HTTP_Listener_Configuration" path="/props" doc:name="HTTP"/>

        <dotnet:execute config-ref="DotNet__Project_Resource" methodName="Test.SampleComponent.Sample, Test.SampleComponent, Version=1.0.0.0, Culture=neutral, PublicKeyToken=null | ReadMuleMessageProperties() -&gt; System.Object" doc:name="DotNet"/>
    </flow>

    <flow name="FromSession" >
        <http:listener config-ref="HTTP_Listener_Configuration" path="/session" doc:name="HTTP"/>
        <set-session-variable variableName="sessionValue" value="true" doc:name="Session Variable"/>

        <dotnet:execute config-ref="DotNet__Project_Resource" methodName="Test.SampleComponent.Sample, Test.SampleComponent, Version=1.0.0.0, Culture=neutral, PublicKeyToken=null | GetFromSession(System.Boolean sessionValue) -&gt; System.Object" doc:name="DotNet"/>
    </flow>
    <flow name="FromQuery" >
        <http:listener config-ref="HTTP_Listener_Configuration" path="/query" doc:name="HTTP"/>

        <dotnet:execute config-ref="DotNet__Project_Resource" methodName="Test.SampleComponent.Sample, Test.SampleComponent, Version=1.0.0.0, Culture=neutral, PublicKeyToken=null | GetCollection(System.Int32 count) -&gt; System.Object" doc:name="DotNet"/>
    </flow>
    <flow name="ValuesFromVariable" >
        <http:listener config-ref="HTTP_Listener_Configuration" path="/var" doc:name="HTTP"/>

        <set-variable variableName="myVar" value="35" doc:name="Variable"/>
        <dotnet:execute config-ref="DotNet__Project_Resource" methodName="Test.SampleComponent.Sample, Test.SampleComponent, Version=1.0.0.0, Culture=neutral, PublicKeyToken=null | GetDataFromVariable(System.Int32 myVar) -&gt; System.Object" doc:name="DotNet"/>
    </flow>
    <flow name="MixMessageParts" >
        <http:listener config-ref="HTTP_Listener_Configuration" path="/mix" doc:name="HTTP"/>

        <set-payload value=" { &quot;name&quot; : &quot;nicolas&quot;, &quot;lastName&quot; :  &quot;foo&quot;, &quot;id&quot; : 1, &quot;myRide&quot; : { &quot;Model&quot; : &quot;Coupe&quot;, &quot;Brand&quot; : &quot;GM&quot;, &quot;ExteriorColor&quot; : { &quot;Name&quot; : &quot;red&quot;, &quot;RGB&quot; : &quot;123,220,213&quot; }  } }" doc:name="Set Payload"/>
        <set-session-variable variableName="increment" value="true" doc:name="Session Variable"/>
        <dotnet:execute config-ref="DotNet__Project_Resource" doc:name="DotNet" methodName="Test.SampleComponent.Sample, Test.SampleComponent, Version=1.0.0.0, Culture=neutral, PublicKeyToken=null | ExecuteComplexMix(Test.SampleComponent.Person person, System.Int32 id, System.Boolean increment) -&gt; System.Object"/>
        <logger message="#[message.outboundProperties[&quot;test&quot;]" level="INFO" doc:name="Logger"/>
    </flow>
    <flow name="ByteArrays" >
        <http:listener config-ref="HTTP_Listener_Configuration" path="/bytes" doc:name="HTTP"/>

        <set-payload value="Hello world!" doc:name="Set Payload"/>
        <string-to-byte-array-transformer doc:name="String to Byte Array"/>
        <dotnet:execute config-ref="DotNet__Project_Resource" methodName="Test.SampleComponent.Sample, Test.SampleComponent, Version=1.0.0.0, Culture=neutral, PublicKeyToken=null | GetBytes(System.Byte[] data) -&gt; System.Byte[]" doc:name="DotNet"/>
        <byte-array-to-string-transformer doc:name="Byte Array to String"/>
        <logger message="#[payload]" level="INFO" doc:name="Logger"/>
    </flow>
    <flow name="ProcessScatterGatherResult" >
        <http:listener config-ref="HTTP_Listener_Configuration" path="/sg" doc:name="HTTP"/>

        <scatter-gather doc:name="Scatter-Gather">
            <vm:outbound-endpoint exchange-pattern="request-response" path="sg" doc:name="VM" connector-ref="VM"/>
            <vm:outbound-endpoint exchange-pattern="request-response" path="sg" doc:name="VM"/>
            <vm:outbound-endpoint exchange-pattern="request-response" path="sg" doc:name="VM"/>
        </scatter-gather>
        <dotnet:execute config-ref="DotNet__Project_Resource" methodName="Test.SampleComponent.Sample, Test.SampleComponent, Version=1.0.0.0, Culture=neutral, PublicKeyToken=null | ExecuteStringArray2D(System.String[][] data) -&gt; System.Object" doc:name="DotNet"/>
    </flow>
    
    <flow name="sampleFlow4" >
        <vm:inbound-endpoint exchange-pattern="request-response" path="sg" doc:name="VM" connector-ref="VM"/>
        <expression-transformer expression="new String[] { &quot;Hello world!&quot; };" doc:name="Expression"/>
    </flow>

    <flow name="MapSimpleType" >
        <http:listener config-ref="HTTP_Listener_Configuration" path="/simple" doc:name="HTTP"/>

        <set-payload value="{ &quot;name&quot; : &quot;foo&quot;, &quot;age&quot; : 35 }" doc:name="Set Payload"/>
        <data-mapper:transform config-ref="JSON_To_Map_1" doc:name="JSON To Map"/>
        <dotnet:execute config-ref="DotNet__Project_Resource" methodName="Test.SampleComponent.Sample, Test.SampleComponent, Version=1.0.0.0, Culture=neutral, PublicKeyToken=null | ExecuteSimple(System.String name, System.Int32 age) -&gt; System.Object" doc:name="DotNet">
        </dotnet:execute>
    </flow>

    <flow name="SetPayload" >
        <http:listener config-ref="HTTP_Listener_Configuration" path="/setpayload" doc:name="HTTP"/>

        <dotnet:execute config-ref="DotNet__Project_Resource" methodName="Test.SampleComponent.Sample, Test.SampleComponent, Version=1.0.0.0, Culture=neutral, PublicKeyToken=null | SetPayload() -&gt; Org.Mule.Api.MuleMessage" doc:name="DotNet"/>
        <expression-transformer expression="#[message.payload  = (message.payload  == &quot;foo!&quot;) ? 'yes' : 'no']" doc:name="Expression"/>
    </flow>

    <flow name="ComplexTypeAutoMapping" >
        <http:listener config-ref="HTTP_Listener_Configuration" path="/complexnomapper" doc:name="HTTP"/>

        <set-payload value=" { &quot;name&quot; : &quot;no MAPPER&quot;, &quot;lastName&quot; :  &quot;foo&quot;, &quot;id&quot; : 1, &quot;myRide&quot; : { &quot;Model&quot; : &quot;Coupe&quot;, &quot;Brand&quot; : &quot;GM&quot;, &quot;ExteriorColor&quot; : { &quot;Name&quot; : &quot;red&quot;, &quot;RGB&quot; : &quot;123,220,213&quot; }  } }" doc:name="Set Payload"/>
        <dotnet:execute config-ref="DotNet__Project_Resource" methodName="Test.SampleComponent.Sample, Test.SampleComponent, Version=1.0.0.0, Culture=neutral, PublicKeyToken=null | ExecuteComplex(Test.SampleComponent.Person person) -&gt; System.Object" doc:name="DotNet"/>
        <set-payload value="#[dotnet]" doc:name="Copy_of_Set Payload"/>
        <byte-array-to-string-transformer doc:name="Copy_of_Byte Array to String"/>
    </flow>
    <flow name="ComplexTypeDataMapper" >
        <http:listener config-ref="HTTP_Listener_Configuration" path="/complex" doc:name="HTTP"/>

        <set-payload value="{ &quot;person&quot; : { &quot;name&quot; : &quot;nicolas&quot;, &quot;lastName&quot; :  &quot;foo&quot;, &quot;id&quot; : 1, &quot;myRide&quot; : { &quot;Model&quot; : &quot;Coupe&quot;, &quot;Brand&quot; : &quot;GM&quot;, &quot;Color&quot; : { &quot;Name&quot; : &quot;red&quot;, &quot;RGB&quot; : &quot;123,220,213&quot; }}}}" doc:name="Set Payload"/>
        <data-mapper:transform doc:name="DataMapper"/>


        <dotnet:execute config-ref="DotNet__Project_Resource" methodName="Test.SampleComponent.Sample, Test.SampleComponent, Version=1.0.0.0, Culture=neutral, PublicKeyToken=null | ExecuteComplex(Test.SampleComponent.Person person) -&gt; System.Object" doc:name="DotNet"/>
        <set-payload value="#[dotnet]" doc:name="Set Payload"/>
        <byte-array-to-string-transformer doc:name="Byte Array to String"/>
        <logger level="INFO" doc:name="Logger"/>
    </flow>
</mule>
