<mule xmlns:data-mapper="http://www.mulesoft.org/schema/mule/ee/data-mapper" xmlns:http="http://www.mulesoft.org/schema/mule/http"
	xmlns:json="http://www.mulesoft.org/schema/mule/json" xmlns:tracking="http://www.mulesoft.org/schema/mule/ee/tracking"
	xmlns:context="http://www.springframework.org/schema/context"
	xmlns:dynamicscrm="http://www.mulesoft.org/schema/mule/dynamicscrm"
	xmlns="http://www.mulesoft.org/schema/mule/core" xmlns:doc="http://www.mulesoft.org/schema/mule/documentation"
	xmlns:spring="http://www.springframework.org/schema/beans" version="EE-3.6.0"
	xmlns:xsi="http://www.w3.org/2001/XMLSchema-instance"
	xsi:schemaLocation="http://www.springframework.org/schema/beans http://www.springframework.org/schema/beans/spring-beans-current.xsd
http://www.mulesoft.org/schema/mule/core http://www.mulesoft.org/schema/mule/core/current/mule.xsd
http://www.mulesoft.org/schema/mule/dynamicscrm http://www.mulesoft.org/schema/mule/dynamicscrm/current/mule-dynamicscrm.xsd
http://www.springframework.org/schema/context http://www.springframework.org/schema/context/spring-context-current.xsd
http://www.mulesoft.org/schema/mule/http http://www.mulesoft.org/schema/mule/http/current/mule-http.xsd
http://www.mulesoft.org/schema/mule/ee/tracking http://www.mulesoft.org/schema/mule/ee/tracking/current/mule-tracking-ee.xsd
http://www.mulesoft.org/schema/mule/json http://www.mulesoft.org/schema/mule/json/current/mule-json.xsd
http://www.mulesoft.org/schema/mule/ee/data-mapper http://www.mulesoft.org/schema/mule/ee/data-mapper/current/mule-data-mapper.xsd">
    <dynamicscrm:config name="MS_Dynamics_CRM" doc:name="Microsoft Dynamics CRM Connector"
    	username="${crm.username}" 
    	password="${crm.password}" 
    	organizationServiceUrl="${crm.service-url}" 
    	authenticationType="${crm.auth-type}" 
    	spn="${crm.kerberos.spn}"  
     	autoDiscoverKerberos="false"
    	kerberosPropertiesFilePath="${crm.kerberos.krb-file}" 
    	loginPropertiesFilePath="${crm.kerberos.login-file}"
    	gatewayRouterServiceAddress="${crm.ntlm.gatewayRouterServiceUrl}"
    	disableCnCheck="true" />
    	<http:listener-config name="HTTP_Listener_Configuration" host="0.0.0.0" port="8081" doc:name="HTTP Listener Configuration"/>
    <data-mapper:config name="List_opportunity__To_JSON_1" transformationGraphPath="list_opportunity__to_json_1.grf" doc:name="List_opportunity__To_JSON_1"/>
    <data-mapper:config name="JSON_To_opportunity" transformationGraphPath="json_to_opportunity.grf" doc:name="JSON_To_opportunity"/>
    <data-mapper:config name="Map_To_SetStateRequest" transformationGraphPath="map_to_setstaterequest.grf" doc:name="Map_To_SetStateRequest"/>    
    <data-mapper:config name="List_contact__To_List_contact_" transformationGraphPath="list_contact__to_list_contact_.grf" doc:name="List_contact__To_List_contact_"/>
    <data-mapper:config name="List_contact__To_List_String_" transformationGraphPath="list_contact__to_list_string_.grf" doc:name="List_contact__To_List_String_"/>
    <data-mapper:config name="JSON_To_List_contact_" transformationGraphPath="json_to_list_contact_.grf" doc:name="JSON_To_List_contact_"/>
    
    
	<flow name="crm-query-account-by-name" >
		<http:listener config-ref="HTTP_Listener_Configuration" path="/query-accounts" doc:name="HTTP" />
		<dynamicscrm:retrieve-multiple-by-query
			config-ref="MS_Dynamics_CRM"
			query="dsql:SELECT accountid,name,statecode,statuscode FROM account WHERE name LIKE '%#[message.inboundProperties['http.query.params']['name']]%'"
			doc:name="Query Accounts By Name" />
		<json:object-to-json-transformer
			doc:name="Object to JSON" />
	</flow>

	<flow name="crm-all-accounts" >
		<http:listener config-ref="HTTP_Listener_Configuration" path="/accounts" doc:name="HTTP" />
		<dynamicscrm:retrieve-multiple-by-query
			config-ref="MS_Dynamics_CRM" query="dsql:SELECT accountid,name,statecode,statuscode FROM account"
			doc:name="All Accounts" />
		<json:object-to-json-transformer
			doc:name="Object to JSON" />
	</flow>

	<flow name="crm-create-account" >
		<http:listener config-ref="HTTP_Listener_Configuration" path="/create-account" doc:name="HTTP" />
		<dynamicscrm:create config-ref="MS_Dynamics_CRM"
			logicalName="account" doc:name="Create CRM Account">
            <dynamicscrm:attributes>
                <dynamicscrm:attribute key="name">#[message.inboundProperties['http.query.params']['name']]</dynamicscrm:attribute>
            </dynamicscrm:attributes>
		</dynamicscrm:create>
		<json:object-to-json-transformer
			doc:name="Object to JSON" />
	</flow>

	<flow name="crm-delete-account" >
		<http:listener config-ref="HTTP_Listener_Configuration" path="/delete-account" doc:name="HTTP" />
		<dynamicscrm:delete config-ref="MS_Dynamics_CRM"
			id="#[message.inboundProperties['http.query.params']['accountid']]" logicalName="account" doc:name="Delete CRM Account" />
	</flow>

	<flow name="crm-all-contacts" >
		<http:listener config-ref="HTTP_Listener_Configuration" path="/contacts" doc:name="HTTP" />
		<dynamicscrm:retrieve-multiple-by-query
			config-ref="MS_Dynamics_CRM"
			query="dsql:SELECT accountid,contactid,firstname,lastname FROM contact"
			doc:name="All Contacts" />
		<json:object-to-json-transformer
			doc:name="Object to JSON" />
	</flow>

    <flow name="crm-get-associated-contacts" >
        <http:listener config-ref="HTTP_Listener_Configuration" path="/contacts-by-account" doc:name="HTTP"/>
        <dynamicscrm:retrieve-multiple-by-query config-ref="MS_Dynamics_CRM" query="dsql:SELECT contactid, accountidname, parentcustomerid_referenceto_account FROM contact WHERE parentcustomerid_referenceto_account = '#[message.inboundProperties['http.query.params']['accountid']]'" doc:name="Contacts for Account"/>
        <json:object-to-json-transformer doc:name="Object to JSON"/>
    </flow>
    
	<flow name="crm-associate-contact-to-account" >
		<http:listener config-ref="HTTP_Listener_Configuration" path="/associate" doc:name="HTTP" />
        <dynamicscrm:associate 
        	config-ref="MS_Dynamics_CRM" 
        	id="#[message.inboundProperties['http.query.params']['accountid']]" 
        	logicalName="account" 
        	relationshipSchemaName="contact_customer_accounts" 
        	doc:name="Associate Account with Contact" 
        	relationshipEntityRoleIsReferenced="true">
            <dynamicscrm:related-entities-ids>
                <dynamicscrm:related-entities-id>#[message.inboundProperties['http.query.params']['contactid']]</dynamicscrm:related-entities-id>
            </dynamicscrm:related-entities-ids>
        </dynamicscrm:associate>

	</flow>

	<flow name="crm-disassociate-contact-to-account" >
		<http:listener config-ref="HTTP_Listener_Configuration" path="/disassociate" doc:name="HTTP" />
        <dynamicscrm:disassociate config-ref="MS_Dynamics_CRM" id="#[message.inboundProperties['http.query.params']['accountid']]" logicalName="account" relationshipSchemaName="contact_customer_accounts" relationshipEntityRoleIsReferenced="true" doc:name="Disassociate Contact from Account">
            <dynamicscrm:related-entities-ids>
                <dynamicscrm:related-entities-id>#[message.inboundProperties['http.query.params']['contactid']]</dynamicscrm:related-entities-id>
            </dynamicscrm:related-entities-ids>
        </dynamicscrm:disassociate>

	</flow>

    <flow name="crm-get-opportunities" >
        <http:listener config-ref="HTTP_Listener_Configuration" path="/opportunities-by-account" doc:name="HTTP"/>
        <dynamicscrm:retrieve-multiple-by-query config-ref="MS_Dynamics_CRM" query="dsql:SELECT accountid_referenceto_account,accountidname,customerid_referenceto_contact,name,parentaccountid_referenceto_account FROM opportunity WHERE parentaccountid_referenceto_account = '#[message.inboundProperties['http.query.params']['accountid']]'" doc:name="Opportunities for Account"/>
        <json:object-to-json-transformer doc:name="Object to JSON"/>
    </flow>

	<flow name="crm-create-opportunity" >
        <http:listener config-ref="HTTP_Listener_Configuration" path="/create-opportunity" doc:name="HTTP"/>
        <set-payload value="{ &quot;accountid&quot;:&quot;#[message.inboundProperties['http.query.params']['accountid']]&quot;, &quot;contactid&quot;:&quot;#[message.inboundProperties['http.query.params']['contactid']]&quot;, &quot;name&quot;:&quot;unique opportunity&quot;, &quot;timeline&quot;: 2}" doc:name="Set Payload"/>
        <data-mapper:transform config-ref="JSON_To_opportunity" doc:name="JSON To opportunity"/>
        <dynamicscrm:create config-ref="MS_Dynamics_CRM" logicalName="opportunity" doc:name="Create opportunity"/>
        <logger message="Created opportunity with Id: '#[payload]'" level="INFO" doc:name="Logger"/>
        <dynamicscrm:retrieve-multiple-by-query config-ref="MS_Dynamics_CRM"   doc:name="Get created opportunity" query="dsql:SELECT accountidname,customerid_referenceto_account,customerid_referenceto_contact,name,opportunityid,timeline FROM opportunity WHERE opportunityid = '#[payload]'">
        </dynamicscrm:retrieve-multiple-by-query>
        <data-mapper:transform config-ref="List_opportunity__To_JSON_1" doc:name="List&lt;opportunity&gt; To JSON"/>
    </flow>
    
    <flow name="crm-execute-activate-account">
        <http:listener config-ref="HTTP_Listener_Configuration" path="/activate-account" doc:name="HTTP"></http:listener>
        <data-mapper:transform config-ref="Map_To_SetStateRequest" input-ref="#[message.inboundProperties[&quot;http.query.params&quot;]]" doc:name="Map To SetStateRequest">
            <data-mapper:input-arguments>
                <data-mapper:input-argument key="logicalName">account</data-mapper:input-argument>
                <data-mapper:input-argument key="state">#[0]</data-mapper:input-argument>
                <data-mapper:input-argument key="status">#[1]</data-mapper:input-argument>
            </data-mapper:input-arguments>
        </data-mapper:transform>
        <dynamicscrm:execute config-ref="MS_Dynamics_CRM" requestName="SetState" doc:name="Set State - Activate Account"/>
        <json:object-to-json-transformer doc:name="Object to JSON"/>
    </flow>
    
    
    <flow name="crm-execute-deactivate-account">
        <http:listener config-ref="HTTP_Listener_Configuration" path="/deactivate-account" doc:name="HTTP"></http:listener>
        <data-mapper:transform config-ref="Map_To_SetStateRequest" input-ref="#[message.inboundProperties[&quot;http.query.params&quot;]]" doc:name="Map To SetStateRequest">
            <data-mapper:input-arguments>
                <data-mapper:input-argument key="status">#[2]</data-mapper:input-argument>
                <data-mapper:input-argument key="state">#[1]</data-mapper:input-argument>
                <data-mapper:input-argument key="logicalName">account</data-mapper:input-argument>
            </data-mapper:input-arguments>
        </data-mapper:transform>
        <dynamicscrm:execute config-ref="MS_Dynamics_CRM" requestName="SetState" doc:name="Set State - Deactivate Account"/>
        <json:object-to-json-transformer doc:name="Object to JSON"/>
    </flow>
    
    <flow name="crm-create-multiple-contacts">
        <http:listener config-ref="HTTP_Listener_Configuration" path="/create-multiple" doc:name="HTTP"/>
        <set-payload value="#['[{&quot;fullname&quot;:&quot;Contact1&quot;, &quot;address1_city&quot;:&quot;DemoCity&quot;,&quot;description&quot;:&quot;Demo contact 1&quot;},{&quot;fullname&quot;:&quot;Contact2&quot;, &quot;address1_city&quot;:&quot;DemoCity&quot;,&quot;description&quot;:&quot;Demo contact 2&quot;},{&quot;fullname&quot;:&quot;Contact3&quot;, &quot;address1_city&quot;:&quot;DemoCity&quot;,&quot;description&quot;:&quot;Demo contact 3&quot;}]']" doc:name="JSON contacts in Payload"/>
        <data-mapper:transform config-ref="JSON_To_List_contact_" doc:name="JSON To List&lt;contact&gt;"/>
        <dynamicscrm:create-multiple config-ref="MS_Dynamics_CRM" logicalName="contact" doc:name="Create Multiple Contacts">
            <dynamicscrm:attributes-list ref="#[payload]">
            </dynamicscrm:attributes-list>
        </dynamicscrm:create-multiple>
        <json:object-to-json-transformer doc:name="Object to JSON"/>
    </flow>
    <flow name="crm-update-multiple-contacts">
        <http:listener config-ref="HTTP_Listener_Configuration" path="/update-multiple" doc:name="HTTP"/>
        <dynamicscrm:retrieve-multiple-by-query config-ref="MS_Dynamics_CRM" query="dsql:SELECT contactid,description,fullname FROM contact WHERE address1_city = 'DemoCity'" doc:name="Query Created Contacts"/>
        <data-mapper:transform config-ref="List_contact__To_List_contact_" doc:name="List&lt;contact&gt; To List&lt;contact&gt;"/>
        <dynamicscrm:update-multiple config-ref="MS_Dynamics_CRM" doc:name="Update Multiple Contacts" logicalName="contact">
            <dynamicscrm:attributes-list ref="#[payload]"/>
        </dynamicscrm:update-multiple>
        <json:object-to-json-transformer doc:name="Object to JSON"/>
    </flow>
    <flow name="crm-delete-multiple">
        <http:listener config-ref="HTTP_Listener_Configuration" path="/delete-multiple" doc:name="HTTP"/>
        <dynamicscrm:retrieve-multiple-by-query config-ref="MS_Dynamics_CRM" query="dsql:SELECT contactid FROM contact WHERE address1_city = 'DemoCity'" doc:name="Query Created Contacts"/>
        <data-mapper:transform config-ref="List_contact__To_List_String_" doc:name="List&lt;contact&gt; To List&lt;String&gt;"/>
        <dynamicscrm:delete-multiple config-ref="MS_Dynamics_CRM" logicalName="contact" doc:name="Delete Multiple Contacts"/>

        <json:object-to-json-transformer doc:name="Object to JSON"/>
    </flow>
    
    
</mule>
