<?xml version="1.0" encoding="UTF-8"?>

<mule xmlns:file="http://www.mulesoft.org/schema/mule/file" xmlns:json="http://www.mulesoft.org/schema/mule/json" xmlns:sharepoint="http://www.mulesoft.org/schema/mule/sharepoint" xmlns:http="http://www.mulesoft.org/schema/mule/http" xmlns:tracking="http://www.mulesoft.org/schema/mule/ee/tracking" xmlns="http://www.mulesoft.org/schema/mule/core" xmlns:doc="http://www.mulesoft.org/schema/mule/documentation"
    xmlns:spring="http://www.springframework.org/schema/beans" version="EE-3.6.0"
    xmlns:xsi="http://www.w3.org/2001/XMLSchema-instance"
    xsi:schemaLocation="http://www.springframework.org/schema/beans http://www.springframework.org/schema/beans/spring-beans-current.xsd
http://www.mulesoft.org/schema/mule/core http://www.mulesoft.org/schema/mule/core/current/mule.xsd
http://www.mulesoft.org/schema/mule/http http://www.mulesoft.org/schema/mule/http/current/mule-http.xsd
http://www.mulesoft.org/schema/mule/ee/tracking http://www.mulesoft.org/schema/mule/ee/tracking/current/mule-tracking-ee.xsd
http://www.mulesoft.org/schema/mule/sharepoint http://www.mulesoft.org/schema/mule/sharepoint/current/mule-sharepoint.xsd
http://www.mulesoft.org/schema/mule/json http://www.mulesoft.org/schema/mule/json/current/mule-json.xsd
http://www.mulesoft.org/schema/mule/file http://www.mulesoft.org/schema/mule/file/current/mule-file.xsd">

    <sharepoint:config
    	name="Sharepoint" 
    	username="${Sharepoint.Username}"
    	password="${Sharepoint.Password}"
    	siteUrl="${Sharepoint.SiteUrl}"
    	domain="${Sharepoint.DomainName}"
    	doc:name="Microsoft SharePoint"
    	scope="${Sharepoint.scope}"
    	stsUrl="${Sharepoint.StsUrl}"
    	disableCnCheck="true"/>

    <file:connector name="Write_File" writeToDirectory="${output.folder.path}" autoDelete="true" streaming="true" validateConnections="true" doc:name="File"/>
    <file:connector name="Image" readFromDirectory="src/main/resources" autoDelete="true" streaming="true" validateConnections="true" doc:name="File"/>
    <file:connector name="File" readFromDirectory="${folder.path}" autoDelete="true" streaming="true" validateConnections="true" doc:name="File"/>
    <http:listener-config name="HTTP_Listener_Configuration" host="0.0.0.0" port="8081" doc:name="HTTP Listener Configuration"/>
    
    <flow name="create-list" >
        <http:listener config-ref="HTTP_Listener_Configuration" path="/create-list" doc:name="HTTP"/>
        <sharepoint:list-create config-ref="Sharepoint" doc:name="List create" >
            <sharepoint:list baseTemplate="GENERIC_LIST" title="#[message.inboundProperties['http.query.params']['title']]"/>
        </sharepoint:list-create>
        <json:object-to-json-transformer doc:name="Object to JSON"/>
    </flow>
    <flow name="create-list-item" >
        <http:listener config-ref="HTTP_Listener_Configuration" path="/create-list-item" doc:name="HTTP"/>
        <sharepoint:list-item-create config-ref="Sharepoint" listId="#[message.inboundProperties['http.query.params']['listId']]" doc:name="List item create" >
            <sharepoint:properties>
                <sharepoint:property key="Title">#[message.inboundProperties['http.query.params']['title']]</sharepoint:property>
            </sharepoint:properties>
        </sharepoint:list-item-create>
        <json:object-to-json-transformer doc:name="Object to JSON"/>
    </flow>
    <flow name="list-item-query" >
        <http:listener config-ref="HTTP_Listener_Configuration" path="/list-item-query" doc:name="HTTP"/>
        <sharepoint:list-item-query config-ref="Sharepoint" query="dsql:SELECT Id,Title,AuthorId FROM #[message.inboundProperties['http.query.params']['listId']] WHERE Title LIKE '#[message.inboundProperties['http.query.params']['title']]'" retrieveReferences="#[message.inboundProperties['http.query.params']['retrieveReferences']]" doc:name="List item query"/>
        <json:object-to-json-transformer doc:name="Object to JSON"/>
    </flow>
    <flow name="delete-list" >
        <http:listener config-ref="HTTP_Listener_Configuration" path="/delete-list" doc:name="HTTP"/>
        <sharepoint:list-delete config-ref="Sharepoint" listId="#[message.inboundProperties['http.query.params']['listId']]" doc:name="List delete"/>
    </flow>
    <flow name="create-folder" >
        <http:listener config-ref="HTTP_Listener_Configuration" path="/create-folder" doc:name="HTTP"/>
        <sharepoint:folder-create config-ref="Sharepoint" url="#[message.inboundProperties['http.query.params']['folderServerRelativeUrl']]" doc:name="Folder create"/>
        <json:object-to-json-transformer doc:name="Object to JSON"/>
    </flow>
    <flow name="query-folder" >
        <http:listener config-ref="HTTP_Listener_Configuration" path="/query-folder" doc:name="HTTP"/>
        <sharepoint:folder-query config-ref="Sharepoint" recursive="true" query="dsql:SELECT ItemCount,Name,ServerRelativeUrl FROM 'Shared Documents_F' ORDER BY ItemCount ASC" doc:name="Folder query"/>
        <json:object-to-json-transformer doc:name="Object to JSON"/>
    </flow>
    <flow name="files-download" >
        <http:listener config-ref="HTTP_Listener_Configuration" path="/files-download" doc:name="HTTP">
            <http:response-builder statusCode="200" reasonPhrase="OK"/>
        </http:listener>
        <sharepoint:file-query config-ref="Sharepoint" query="dsql:SELECT Author,ModifiedBy,Name,ServerRelativeUrl FROM 'Shared Documents'" doc:name="File query"/>
        <foreach  doc:name="For Each">
            <set-variable variableName="filename" value="#[payload.Name]" doc:name="Variable"/>
            <sharepoint:file-get-content config-ref="Sharepoint" fileServerRelativeUrl="#[payload.ServerRelativeUrl]" doc:name="File get content"/>
            <file:outbound-endpoint path="/${output.folder.path}" outputPattern="#[flowVars.filename]" connector-ref="Write_File" responseTimeout="10000" doc:name="File"/>
        </foreach>
    </flow>
    <flow name="image-upload" >
        <http:listener config-ref="HTTP_Listener_Configuration" path="/image-upload" doc:name="HTTP"/>
        <sharepoint:file-add config-ref="Sharepoint" fileServerRelativeUrl="#[message.inboundProperties['http.query.params']['pictureListTitle']]/Sharepoint.png"  overwrite="true" doc:name="File add" localFilePath="src/main/resources/Sharepoint.png"/>
    </flow>
    <flow name="delete-folder" >
        <http:listener config-ref="HTTP_Listener_Configuration" path="/delete-folder" doc:name="HTTP"/>
        <sharepoint:folder-delete config-ref="Sharepoint" url="#[message.inboundProperties['http.query.params']['folderServerRelativeUrl']]" doc:name="Folder delete"/>
    </flow>
    <flow name="resolve-object" >
        <http:listener config-ref="HTTP_Listener_Configuration" path="/resolve-object" doc:name="HTTP"/>
        <sharepoint:resolve-object config-ref="Sharepoint" url="_api/web/lists(guid'#[message.inboundProperties['http.query.params']['listId']]')" doc:name="Resolve object"/>
        <json:object-to-json-transformer doc:name="Object to JSON"/>
    </flow>
    <flow name="resolve-collection" >
        <http:listener config-ref="HTTP_Listener_Configuration" path="/resolve-collection" doc:name="HTTP"/>
        <sharepoint:resolve-collection config-ref="Sharepoint" url="_api/Web/lists" doc:name="Resolve collection"/>
        <json:object-to-json-transformer doc:name="Object to JSON"/>
    </flow>
</mule>
