<?xml version="1.0" encoding="UTF-8"?>
<Configuration status="WARN">
	<Appenders>
		<Console name="STDOUT" target="SYSTEM_OUT">
			<PatternLayout pattern="%d{HH:mm:ss.SSS} [%t] %-5level %logger{36} - %msg%n"/>
		</Console>
	</Appenders>
	<Loggers>
		<Logger name="org.mule.modules" level="DEBUG">
			<AppenderRef ref="STDOUT" />
		</Logger>
		<Logger name="com.mulesoft.agent.rest" level="ERROR">
			<AppenderRef ref="STDOUT" />
		</Logger>
		<Root level="TRACE">
			<AppenderRef ref="STDOUT" level="INFO" />
		</Root>
	</Loggers>
</Configuration>